<?xml version="1.0" encoding="UTF-8"?>
<spirit:component xmlns:xilinx="http://www.xilinx.com" xmlns:spirit="http://www.spiritconsortium.org/XMLSchema/SPIRIT/1685-2009" xmlns:xsi="http://www.w3.org/2001/XMLSchema-instance">
  <spirit:vendor>user.org</spirit:vendor>
  <spirit:library>user</spirit:library>
  <spirit:name>calculator_ip</spirit:name>
  <spirit:version>1.0</spirit:version>
  <spirit:busInterfaces>
    <spirit:busInterface>
      <spirit:name>S00_AXI</spirit:name>
      <spirit:busType spirit:vendor="xilinx.com" spirit:library="interface" spirit:name="aximm" spirit:version="1.0"/>
      <spirit:abstractionType spirit:vendor="xilinx.com" spirit:library="interface" spirit:name="aximm_rtl" spirit:version="1.0"/>
      <spirit:slave>
        <spirit:memoryMapRef spirit:memoryMapRef="S00_AXI"/>
      </spirit:slave>
      <spirit:portMaps>
        <spirit:portMap>
          <spirit:logicalPort>
            <spirit:name>AWADDR</spirit:name>
          </spirit:logicalPort>
          <spirit:physicalPort>
            <spirit:name>s00_axi_awaddr</spirit:name>
          </spirit:physicalPort>
        </spirit:portMap>
        <spirit:portMap>
          <spirit:logicalPort>
            <spirit:name>AWPROT</spirit:name>
          </spirit:logicalPort>
          <spirit:physicalPort>
            <spirit:name>s00_axi_awprot</spirit:name>
          </spirit:physicalPort>
        </spirit:portMap>
        <spirit:portMap>
          <spirit:logicalPort>
            <spirit:name>AWVALID</spirit:name>
          </spirit:logicalPort>
          <spirit:physicalPort>
            <spirit:name>s00_axi_awvalid</spirit:name>
          </spirit:physicalPort>
        </spirit:portMap>
        <spirit:portMap>
          <spirit:logicalPort>
            <spirit:name>AWREADY</spirit:name>
          </spirit:logicalPort>
          <spirit:physicalPort>
            <spirit:name>s00_axi_awready</spirit:name>
          </spirit:physicalPort>
        </spirit:portMap>
        <spirit:portMap>
          <spirit:logicalPort>
            <spirit:name>WDATA</spirit:name>
          </spirit:logicalPort>
          <spirit:physicalPort>
            <spirit:name>s00_axi_wdata</spirit:name>
          </spirit:physicalPort>
        </spirit:portMap>
        <spirit:portMap>
          <spirit:logicalPort>
            <spirit:name>WSTRB</spirit:name>
          </spirit:logicalPort>
          <spirit:physicalPort>
            <spirit:name>s00_axi_wstrb</spirit:name>
          </spirit:physicalPort>
        </spirit:portMap>
        <spirit:portMap>
          <spirit:logicalPort>
            <spirit:name>WVALID</spirit:name>
          </spirit:logicalPort>
          <spirit:physicalPort>
            <spirit:name>s00_axi_wvalid</spirit:name>
          </spirit:physicalPort>
        </spirit:portMap>
        <spirit:portMap>
          <spirit:logicalPort>
            <spirit:name>WREADY</spirit:name>
          </spirit:logicalPort>
          <spirit:physicalPort>
            <spirit:name>s00_axi_wready</spirit:name>
          </spirit:physicalPort>
        </spirit:portMap>
        <spirit:portMap>
          <spirit:logicalPort>
            <spirit:name>BRESP</spirit:name>
          </spirit:logicalPort>
          <spirit:physicalPort>
            <spirit:name>s00_axi_bresp</spirit:name>
          </spirit:physicalPort>
        </spirit:portMap>
        <spirit:portMap>
          <spirit:logicalPort>
            <spirit:name>BVALID</spirit:name>
          </spirit:logicalPort>
          <spirit:physicalPort>
            <spirit:name>s00_axi_bvalid</spirit:name>
          </spirit:physicalPort>
        </spirit:portMap>
        <spirit:portMap>
          <spirit:logicalPort>
            <spirit:name>BREADY</spirit:name>
          </spirit:logicalPort>
          <spirit:physicalPort>
            <spirit:name>s00_axi_bready</spirit:name>
          </spirit:physicalPort>
        </spirit:portMap>
        <spirit:portMap>
          <spirit:logicalPort>
            <spirit:name>ARADDR</spirit:name>
          </spirit:logicalPort>
          <spirit:physicalPort>
            <spirit:name>s00_axi_araddr</spirit:name>
          </spirit:physicalPort>
        </spirit:portMap>
        <spirit:portMap>
          <spirit:logicalPort>
            <spirit:name>ARPROT</spirit:name>
          </spirit:logicalPort>
          <spirit:physicalPort>
            <spirit:name>s00_axi_arprot</spirit:name>
          </spirit:physicalPort>
        </spirit:portMap>
        <spirit:portMap>
          <spirit:logicalPort>
            <spirit:name>ARVALID</spirit:name>
          </spirit:logicalPort>
          <spirit:physicalPort>
            <spirit:name>s00_axi_arvalid</spirit:name>
          </spirit:physicalPort>
        </spirit:portMap>
        <spirit:portMap>
          <spirit:logicalPort>
            <spirit:name>ARREADY</spirit:name>
          </spirit:logicalPort>
          <spirit:physicalPort>
            <spirit:name>s00_axi_arready</spirit:name>
          </spirit:physicalPort>
        </spirit:portMap>
        <spirit:portMap>
          <spirit:logicalPort>
            <spirit:name>RDATA</spirit:name>
          </spirit:logicalPort>
          <spirit:physicalPort>
            <spirit:name>s00_axi_rdata</spirit:name>
          </spirit:physicalPort>
        </spirit:portMap>
        <spirit:portMap>
          <spirit:logicalPort>
            <spirit:name>RRESP</spirit:name>
          </spirit:logicalPort>
          <spirit:physicalPort>
            <spirit:name>s00_axi_rresp</spirit:name>
          </spirit:physicalPort>
        </spirit:portMap>
        <spirit:portMap>
          <spirit:logicalPort>
            <spirit:name>RVALID</spirit:name>
          </spirit:logicalPort>
          <spirit:physicalPort>
            <spirit:name>s00_axi_rvalid</spirit:name>
          </spirit:physicalPort>
        </spirit:portMap>
        <spirit:portMap>
          <spirit:logicalPort>
            <spirit:name>RREADY</spirit:name>
          </spirit:logicalPort>
          <spirit:physicalPort>
            <spirit:name>s00_axi_rready</spirit:name>
          </spirit:physicalPort>
        </spirit:portMap>
      </spirit:portMaps>
      <spirit:parameters>
        <spirit:parameter>
          <spirit:name>WIZ_DATA_WIDTH</spirit:name>
          <spirit:value spirit:format="long" spirit:id="BUSIFPARAM_VALUE.S00_AXI.WIZ_DATA_WIDTH" spirit:choiceRef="choice_list_6fc15197">32</spirit:value>
        </spirit:parameter>
        <spirit:parameter>
          <spirit:name>WIZ_NUM_REG</spirit:name>
          <spirit:value spirit:format="long" spirit:id="BUSIFPARAM_VALUE.S00_AXI.WIZ_NUM_REG" spirit:minimum="4" spirit:maximum="512" spirit:rangeType="long">4</spirit:value>
        </spirit:parameter>
        <spirit:parameter>
          <spirit:name>SUPPORTS_NARROW_BURST</spirit:name>
          <spirit:value spirit:format="long" spirit:id="BUSIFPARAM_VALUE.S00_AXI.SUPPORTS_NARROW_BURST" spirit:choiceRef="choice_pairs_ce1226b1">0</spirit:value>
        </spirit:parameter>
      </spirit:parameters>
    </spirit:busInterface>
    <spirit:busInterface>
      <spirit:name>S00_AXI_RST</spirit:name>
      <spirit:busType spirit:vendor="xilinx.com" spirit:library="signal" spirit:name="reset" spirit:version="1.0"/>
      <spirit:abstractionType spirit:vendor="xilinx.com" spirit:library="signal" spirit:name="reset_rtl" spirit:version="1.0"/>
      <spirit:slave/>
      <spirit:portMaps>
        <spirit:portMap>
          <spirit:logicalPort>
            <spirit:name>RST</spirit:name>
          </spirit:logicalPort>
          <spirit:physicalPort>
            <spirit:name>s00_axi_aresetn</spirit:name>
          </spirit:physicalPort>
        </spirit:portMap>
      </spirit:portMaps>
      <spirit:parameters>
        <spirit:parameter>
          <spirit:name>POLARITY</spirit:name>
          <spirit:value spirit:id="BUSIFPARAM_VALUE.S00_AXI_RST.POLARITY">ACTIVE_LOW</spirit:value>
        </spirit:parameter>
      </spirit:parameters>
    </spirit:busInterface>
    <spirit:busInterface>
      <spirit:name>S00_AXI_CLK</spirit:name>
      <spirit:busType spirit:vendor="xilinx.com" spirit:library="signal" spirit:name="clock" spirit:version="1.0"/>
      <spirit:abstractionType spirit:vendor="xilinx.com" spirit:library="signal" spirit:name="clock_rtl" spirit:version="1.0"/>
      <spirit:slave/>
      <spirit:portMaps>
        <spirit:portMap>
          <spirit:logicalPort>
            <spirit:name>CLK</spirit:name>
          </spirit:logicalPort>
          <spirit:physicalPort>
            <spirit:name>s00_axi_aclk</spirit:name>
          </spirit:physicalPort>
        </spirit:portMap>
      </spirit:portMaps>
      <spirit:parameters>
        <spirit:parameter>
          <spirit:name>ASSOCIATED_BUSIF</spirit:name>
          <spirit:value spirit:id="BUSIFPARAM_VALUE.S00_AXI_CLK.ASSOCIATED_BUSIF">S00_AXI</spirit:value>
        </spirit:parameter>
        <spirit:parameter>
          <spirit:name>ASSOCIATED_RESET</spirit:name>
          <spirit:value spirit:id="BUSIFPARAM_VALUE.S00_AXI_CLK.ASSOCIATED_RESET">s00_axi_aresetn</spirit:value>
        </spirit:parameter>
      </spirit:parameters>
    </spirit:busInterface>
  </spirit:busInterfaces>
  <spirit:memoryMaps>
    <spirit:memoryMap>
      <spirit:name>S00_AXI</spirit:name>
      <spirit:addressBlock>
        <spirit:name>S00_AXI_reg</spirit:name>
        <spirit:baseAddress spirit:format="long" spirit:resolve="user">0</spirit:baseAddress>
        <spirit:range spirit:format="long">4096</spirit:range>
        <spirit:width spirit:format="long">32</spirit:width>
        <spirit:usage>register</spirit:usage>
        <spirit:parameters>
          <spirit:parameter>
            <spirit:name>OFFSET_BASE_PARAM</spirit:name>
            <spirit:value spirit:id="ADDRBLOCKPARAM_VALUE.S00_AXI.S00_AXI_REG.OFFSET_BASE_PARAM">C_S00_AXI_BASEADDR</spirit:value>
          </spirit:parameter>
          <spirit:parameter>
            <spirit:name>OFFSET_HIGH_PARAM</spirit:name>
            <spirit:value spirit:id="ADDRBLOCKPARAM_VALUE.S00_AXI.S00_AXI_REG.OFFSET_HIGH_PARAM">C_S00_AXI_HIGHADDR</spirit:value>
          </spirit:parameter>
        </spirit:parameters>
      </spirit:addressBlock>
    </spirit:memoryMap>
  </spirit:memoryMaps>
  <spirit:model>
    <spirit:views>
      <spirit:view>
        <spirit:name>xilinx_vhdlsynthesis</spirit:name>
        <spirit:displayName>VHDL Synthesis</spirit:displayName>
        <spirit:envIdentifier>vhdlSource:vivado.xilinx.com:synthesis</spirit:envIdentifier>
        <spirit:language>vhdl</spirit:language>
        <spirit:modelName>calculator_ip_v1_0</spirit:modelName>
        <spirit:fileSetRef>
          <spirit:localName>xilinx_vhdlsynthesis_view_fileset</spirit:localName>
        </spirit:fileSetRef>
        <spirit:parameters>
          <spirit:parameter>
            <spirit:name>viewChecksum</spirit:name>
            <spirit:value>97b6311e</spirit:value>
          </spirit:parameter>
        </spirit:parameters>
      </spirit:view>
      <spirit:view>
        <spirit:name>xilinx_vhdlbehavioralsimulation</spirit:name>
        <spirit:displayName>VHDL Simulation</spirit:displayName>
        <spirit:envIdentifier>vhdlSource:vivado.xilinx.com:simulation</spirit:envIdentifier>
        <spirit:language>vhdl</spirit:language>
        <spirit:modelName>calculator_ip_v1_0</spirit:modelName>
        <spirit:fileSetRef>
          <spirit:localName>xilinx_vhdlbehavioralsimulation_view_fileset</spirit:localName>
        </spirit:fileSetRef>
        <spirit:parameters>
          <spirit:parameter>
            <spirit:name>viewChecksum</spirit:name>
            <spirit:value>97b6311e</spirit:value>
          </spirit:parameter>
        </spirit:parameters>
      </spirit:view>
      <spirit:view>
        <spirit:name>xilinx_softwaredriver</spirit:name>
        <spirit:displayName>Software Driver</spirit:displayName>
        <spirit:envIdentifier>:vivado.xilinx.com:sw.driver</spirit:envIdentifier>
        <spirit:fileSetRef>
          <spirit:localName>xilinx_softwaredriver_view_fileset</spirit:localName>
        </spirit:fileSetRef>
        <spirit:parameters>
          <spirit:parameter>
            <spirit:name>viewChecksum</spirit:name>
            <spirit:value>78631388</spirit:value>
          </spirit:parameter>
        </spirit:parameters>
      </spirit:view>
      <spirit:view>
        <spirit:name>xilinx_xpgui</spirit:name>
        <spirit:displayName>UI Layout</spirit:displayName>
        <spirit:envIdentifier>:vivado.xilinx.com:xgui.ui</spirit:envIdentifier>
        <spirit:fileSetRef>
          <spirit:localName>xilinx_xpgui_view_fileset</spirit:localName>
        </spirit:fileSetRef>
        <spirit:parameters>
          <spirit:parameter>
            <spirit:name>viewChecksum</spirit:name>
            <spirit:value>080b65eb</spirit:value>
          </spirit:parameter>
        </spirit:parameters>
      </spirit:view>
      <spirit:view>
        <spirit:name>bd_tcl</spirit:name>
        <spirit:displayName>Block Diagram</spirit:displayName>
        <spirit:envIdentifier>:vivado.xilinx.com:block.diagram</spirit:envIdentifier>
        <spirit:fileSetRef>
          <spirit:localName>bd_tcl_view_fileset</spirit:localName>
        </spirit:fileSetRef>
        <spirit:parameters>
          <spirit:parameter>
            <spirit:name>viewChecksum</spirit:name>
            <spirit:value>45a2f450</spirit:value>
          </spirit:parameter>
        </spirit:parameters>
      </spirit:view>
    </spirit:views>
    <spirit:ports>
      <spirit:port>
        <spirit:name>s00_axi_awaddr</spirit:name>
        <spirit:wire>
          <spirit:direction>in</spirit:direction>
          <spirit:vector>
            <spirit:left spirit:format="long" spirit:resolve="dependent" spirit:dependency="(spirit:decode(id(&apos;MODELPARAM_VALUE.C_S00_AXI_ADDR_WIDTH&apos;))-1)">3</spirit:left>
            <spirit:right spirit:format="long">0</spirit:right>
          </spirit:vector>
          <spirit:wireTypeDefs>
            <spirit:wireTypeDef>
              <spirit:typeName>wire</spirit:typeName>
              <spirit:viewNameRef>xilinx_vhdlsynthesis</spirit:viewNameRef>
              <spirit:viewNameRef>xilinx_vhdlbehavioralsimulation</spirit:viewNameRef>
            </spirit:wireTypeDef>
          </spirit:wireTypeDefs>
        </spirit:wire>
      </spirit:port>
      <spirit:port>
        <spirit:name>s00_axi_awprot</spirit:name>
        <spirit:wire>
          <spirit:direction>in</spirit:direction>
          <spirit:vector>
            <spirit:left spirit:format="long">2</spirit:left>
            <spirit:right spirit:format="long">0</spirit:right>
          </spirit:vector>
          <spirit:wireTypeDefs>
            <spirit:wireTypeDef>
              <spirit:typeName>wire</spirit:typeName>
              <spirit:viewNameRef>xilinx_vhdlsynthesis</spirit:viewNameRef>
              <spirit:viewNameRef>xilinx_vhdlbehavioralsimulation</spirit:viewNameRef>
            </spirit:wireTypeDef>
          </spirit:wireTypeDefs>
        </spirit:wire>
      </spirit:port>
      <spirit:port>
        <spirit:name>s00_axi_awvalid</spirit:name>
        <spirit:wire>
          <spirit:direction>in</spirit:direction>
          <spirit:wireTypeDefs>
            <spirit:wireTypeDef>
              <spirit:typeName>wire</spirit:typeName>
              <spirit:viewNameRef>xilinx_vhdlsynthesis</spirit:viewNameRef>
              <spirit:viewNameRef>xilinx_vhdlbehavioralsimulation</spirit:viewNameRef>
            </spirit:wireTypeDef>
          </spirit:wireTypeDefs>
        </spirit:wire>
      </spirit:port>
      <spirit:port>
        <spirit:name>s00_axi_awready</spirit:name>
        <spirit:wire>
          <spirit:direction>out</spirit:direction>
          <spirit:wireTypeDefs>
            <spirit:wireTypeDef>
              <spirit:typeName>wire</spirit:typeName>
              <spirit:viewNameRef>xilinx_vhdlsynthesis</spirit:viewNameRef>
              <spirit:viewNameRef>xilinx_vhdlbehavioralsimulation</spirit:viewNameRef>
            </spirit:wireTypeDef>
          </spirit:wireTypeDefs>
        </spirit:wire>
      </spirit:port>
      <spirit:port>
        <spirit:name>s00_axi_wdata</spirit:name>
        <spirit:wire>
          <spirit:direction>in</spirit:direction>
          <spirit:vector>
            <spirit:left spirit:format="long" spirit:resolve="dependent" spirit:dependency="(spirit:decode(id(&apos;MODELPARAM_VALUE.C_S00_AXI_DATA_WIDTH&apos;))-1)">31</spirit:left>
            <spirit:right spirit:format="long">0</spirit:right>
          </spirit:vector>
          <spirit:wireTypeDefs>
            <spirit:wireTypeDef>
              <spirit:typeName>wire</spirit:typeName>
              <spirit:viewNameRef>xilinx_vhdlsynthesis</spirit:viewNameRef>
              <spirit:viewNameRef>xilinx_vhdlbehavioralsimulation</spirit:viewNameRef>
            </spirit:wireTypeDef>
          </spirit:wireTypeDefs>
        </spirit:wire>
      </spirit:port>
      <spirit:port>
        <spirit:name>s00_axi_wstrb</spirit:name>
        <spirit:wire>
          <spirit:direction>in</spirit:direction>
          <spirit:vector>
            <spirit:left spirit:format="long" spirit:resolve="dependent" spirit:dependency="((spirit:decode(id(&apos;MODELPARAM_VALUE.C_S00_AXI_DATA_WIDTH&apos;))/8)-1)">3</spirit:left>
            <spirit:right spirit:format="long">0</spirit:right>
          </spirit:vector>
          <spirit:wireTypeDefs>
            <spirit:wireTypeDef>
              <spirit:typeName>wire</spirit:typeName>
              <spirit:viewNameRef>xilinx_vhdlsynthesis</spirit:viewNameRef>
              <spirit:viewNameRef>xilinx_vhdlbehavioralsimulation</spirit:viewNameRef>
            </spirit:wireTypeDef>
          </spirit:wireTypeDefs>
        </spirit:wire>
      </spirit:port>
      <spirit:port>
        <spirit:name>s00_axi_wvalid</spirit:name>
        <spirit:wire>
          <spirit:direction>in</spirit:direction>
          <spirit:wireTypeDefs>
            <spirit:wireTypeDef>
              <spirit:typeName>wire</spirit:typeName>
              <spirit:viewNameRef>xilinx_vhdlsynthesis</spirit:viewNameRef>
              <spirit:viewNameRef>xilinx_vhdlbehavioralsimulation</spirit:viewNameRef>
            </spirit:wireTypeDef>
          </spirit:wireTypeDefs>
        </spirit:wire>
      </spirit:port>
      <spirit:port>
        <spirit:name>s00_axi_wready</spirit:name>
        <spirit:wire>
          <spirit:direction>out</spirit:direction>
          <spirit:wireTypeDefs>
            <spirit:wireTypeDef>
              <spirit:typeName>wire</spirit:typeName>
              <spirit:viewNameRef>xilinx_vhdlsynthesis</spirit:viewNameRef>
              <spirit:viewNameRef>xilinx_vhdlbehavioralsimulation</spirit:viewNameRef>
            </spirit:wireTypeDef>
          </spirit:wireTypeDefs>
        </spirit:wire>
      </spirit:port>
      <spirit:port>
        <spirit:name>s00_axi_bresp</spirit:name>
        <spirit:wire>
          <spirit:direction>out</spirit:direction>
          <spirit:vector>
            <spirit:left spirit:format="long">1</spirit:left>
            <spirit:right spirit:format="long">0</spirit:right>
          </spirit:vector>
          <spirit:wireTypeDefs>
            <spirit:wireTypeDef>
              <spirit:typeName>wire</spirit:typeName>
              <spirit:viewNameRef>xilinx_vhdlsynthesis</spirit:viewNameRef>
              <spirit:viewNameRef>xilinx_vhdlbehavioralsimulation</spirit:viewNameRef>
            </spirit:wireTypeDef>
          </spirit:wireTypeDefs>
        </spirit:wire>
      </spirit:port>
      <spirit:port>
        <spirit:name>s00_axi_bvalid</spirit:name>
        <spirit:wire>
          <spirit:direction>out</spirit:direction>
          <spirit:wireTypeDefs>
            <spirit:wireTypeDef>
              <spirit:typeName>wire</spirit:typeName>
              <spirit:viewNameRef>xilinx_vhdlsynthesis</spirit:viewNameRef>
              <spirit:viewNameRef>xilinx_vhdlbehavioralsimulation</spirit:viewNameRef>
            </spirit:wireTypeDef>
          </spirit:wireTypeDefs>
        </spirit:wire>
      </spirit:port>
      <spirit:port>
        <spirit:name>s00_axi_bready</spirit:name>
        <spirit:wire>
          <spirit:direction>in</spirit:direction>
          <spirit:wireTypeDefs>
            <spirit:wireTypeDef>
              <spirit:typeName>wire</spirit:typeName>
              <spirit:viewNameRef>xilinx_vhdlsynthesis</spirit:viewNameRef>
              <spirit:viewNameRef>xilinx_vhdlbehavioralsimulation</spirit:viewNameRef>
            </spirit:wireTypeDef>
          </spirit:wireTypeDefs>
        </spirit:wire>
      </spirit:port>
      <spirit:port>
        <spirit:name>s00_axi_araddr</spirit:name>
        <spirit:wire>
          <spirit:direction>in</spirit:direction>
          <spirit:vector>
            <spirit:left spirit:format="long" spirit:resolve="dependent" spirit:dependency="(spirit:decode(id(&apos;MODELPARAM_VALUE.C_S00_AXI_ADDR_WIDTH&apos;))-1)">3</spirit:left>
            <spirit:right spirit:format="long">0</spirit:right>
          </spirit:vector>
          <spirit:wireTypeDefs>
            <spirit:wireTypeDef>
              <spirit:typeName>wire</spirit:typeName>
              <spirit:viewNameRef>xilinx_vhdlsynthesis</spirit:viewNameRef>
              <spirit:viewNameRef>xilinx_vhdlbehavioralsimulation</spirit:viewNameRef>
            </spirit:wireTypeDef>
          </spirit:wireTypeDefs>
        </spirit:wire>
      </spirit:port>
      <spirit:port>
        <spirit:name>s00_axi_arprot</spirit:name>
        <spirit:wire>
          <spirit:direction>in</spirit:direction>
          <spirit:vector>
            <spirit:left spirit:format="long">2</spirit:left>
            <spirit:right spirit:format="long">0</spirit:right>
          </spirit:vector>
          <spirit:wireTypeDefs>
            <spirit:wireTypeDef>
              <spirit:typeName>wire</spirit:typeName>
              <spirit:viewNameRef>xilinx_vhdlsynthesis</spirit:viewNameRef>
              <spirit:viewNameRef>xilinx_vhdlbehavioralsimulation</spirit:viewNameRef>
            </spirit:wireTypeDef>
          </spirit:wireTypeDefs>
        </spirit:wire>
      </spirit:port>
      <spirit:port>
        <spirit:name>s00_axi_arvalid</spirit:name>
        <spirit:wire>
          <spirit:direction>in</spirit:direction>
          <spirit:wireTypeDefs>
            <spirit:wireTypeDef>
              <spirit:typeName>wire</spirit:typeName>
              <spirit:viewNameRef>xilinx_vhdlsynthesis</spirit:viewNameRef>
              <spirit:viewNameRef>xilinx_vhdlbehavioralsimulation</spirit:viewNameRef>
            </spirit:wireTypeDef>
          </spirit:wireTypeDefs>
        </spirit:wire>
      </spirit:port>
      <spirit:port>
        <spirit:name>s00_axi_arready</spirit:name>
        <spirit:wire>
          <spirit:direction>out</spirit:direction>
          <spirit:wireTypeDefs>
            <spirit:wireTypeDef>
              <spirit:typeName>wire</spirit:typeName>
              <spirit:viewNameRef>xilinx_vhdlsynthesis</spirit:viewNameRef>
              <spirit:viewNameRef>xilinx_vhdlbehavioralsimulation</spirit:viewNameRef>
            </spirit:wireTypeDef>
          </spirit:wireTypeDefs>
        </spirit:wire>
      </spirit:port>
      <spirit:port>
        <spirit:name>s00_axi_rdata</spirit:name>
        <spirit:wire>
          <spirit:direction>out</spirit:direction>
          <spirit:vector>
            <spirit:left spirit:format="long" spirit:resolve="dependent" spirit:dependency="(spirit:decode(id(&apos;MODELPARAM_VALUE.C_S00_AXI_DATA_WIDTH&apos;))-1)">31</spirit:left>
            <spirit:right spirit:format="long">0</spirit:right>
          </spirit:vector>
          <spirit:wireTypeDefs>
            <spirit:wireTypeDef>
              <spirit:typeName>wire</spirit:typeName>
              <spirit:viewNameRef>xilinx_vhdlsynthesis</spirit:viewNameRef>
              <spirit:viewNameRef>xilinx_vhdlbehavioralsimulation</spirit:viewNameRef>
            </spirit:wireTypeDef>
          </spirit:wireTypeDefs>
        </spirit:wire>
      </spirit:port>
      <spirit:port>
        <spirit:name>s00_axi_rresp</spirit:name>
        <spirit:wire>
          <spirit:direction>out</spirit:direction>
          <spirit:vector>
            <spirit:left spirit:format="long">1</spirit:left>
            <spirit:right spirit:format="long">0</spirit:right>
          </spirit:vector>
          <spirit:wireTypeDefs>
            <spirit:wireTypeDef>
              <spirit:typeName>wire</spirit:typeName>
              <spirit:viewNameRef>xilinx_vhdlsynthesis</spirit:viewNameRef>
              <spirit:viewNameRef>xilinx_vhdlbehavioralsimulation</spirit:viewNameRef>
            </spirit:wireTypeDef>
          </spirit:wireTypeDefs>
        </spirit:wire>
      </spirit:port>
      <spirit:port>
        <spirit:name>s00_axi_rvalid</spirit:name>
        <spirit:wire>
          <spirit:direction>out</spirit:direction>
          <spirit:wireTypeDefs>
            <spirit:wireTypeDef>
              <spirit:typeName>wire</spirit:typeName>
              <spirit:viewNameRef>xilinx_vhdlsynthesis</spirit:viewNameRef>
              <spirit:viewNameRef>xilinx_vhdlbehavioralsimulation</spirit:viewNameRef>
            </spirit:wireTypeDef>
          </spirit:wireTypeDefs>
        </spirit:wire>
      </spirit:port>
      <spirit:port>
        <spirit:name>s00_axi_rready</spirit:name>
        <spirit:wire>
          <spirit:direction>in</spirit:direction>
          <spirit:wireTypeDefs>
            <spirit:wireTypeDef>
              <spirit:typeName>wire</spirit:typeName>
              <spirit:viewNameRef>xilinx_vhdlsynthesis</spirit:viewNameRef>
              <spirit:viewNameRef>xilinx_vhdlbehavioralsimulation</spirit:viewNameRef>
            </spirit:wireTypeDef>
          </spirit:wireTypeDefs>
        </spirit:wire>
      </spirit:port>
      <spirit:port>
        <spirit:name>s00_axi_aclk</spirit:name>
        <spirit:wire>
          <spirit:direction>in</spirit:direction>
          <spirit:wireTypeDefs>
            <spirit:wireTypeDef>
              <spirit:typeName>wire</spirit:typeName>
              <spirit:viewNameRef>xilinx_vhdlsynthesis</spirit:viewNameRef>
              <spirit:viewNameRef>xilinx_vhdlbehavioralsimulation</spirit:viewNameRef>
            </spirit:wireTypeDef>
          </spirit:wireTypeDefs>
        </spirit:wire>
      </spirit:port>
      <spirit:port>
        <spirit:name>s00_axi_aresetn</spirit:name>
        <spirit:wire>
          <spirit:direction>in</spirit:direction>
          <spirit:wireTypeDefs>
            <spirit:wireTypeDef>
              <spirit:typeName>wire</spirit:typeName>
              <spirit:viewNameRef>xilinx_vhdlsynthesis</spirit:viewNameRef>
              <spirit:viewNameRef>xilinx_vhdlbehavioralsimulation</spirit:viewNameRef>
            </spirit:wireTypeDef>
          </spirit:wireTypeDefs>
        </spirit:wire>
      </spirit:port>
    </spirit:ports>
    <spirit:modelParameters>
      <spirit:modelParameter xsi:type="spirit:nameValueTypeType" spirit:dataType="integer">
        <spirit:name>C_S00_AXI_DATA_WIDTH</spirit:name>
        <spirit:displayName>C S00 AXI DATA WIDTH</spirit:displayName>
        <spirit:description>Width of S_AXI data bus</spirit:description>
        <spirit:value spirit:format="long" spirit:resolve="generated" spirit:id="MODELPARAM_VALUE.C_S00_AXI_DATA_WIDTH" spirit:order="3" spirit:rangeType="long">32</spirit:value>
      </spirit:modelParameter>
      <spirit:modelParameter spirit:dataType="integer">
        <spirit:name>C_S00_AXI_ADDR_WIDTH</spirit:name>
        <spirit:displayName>C S00 AXI ADDR WIDTH</spirit:displayName>
        <spirit:description>Width of S_AXI address bus</spirit:description>
        <spirit:value spirit:format="long" spirit:resolve="generated" spirit:id="MODELPARAM_VALUE.C_S00_AXI_ADDR_WIDTH" spirit:order="4" spirit:rangeType="long">4</spirit:value>
      </spirit:modelParameter>
    </spirit:modelParameters>
  </spirit:model>
  <spirit:choices>
    <spirit:choice>
      <spirit:name>choice_list_6fc15197</spirit:name>
      <spirit:enumeration>32</spirit:enumeration>
    </spirit:choice>
    <spirit:choice>
      <spirit:name>choice_pairs_ce1226b1</spirit:name>
      <spirit:enumeration spirit:text="true">1</spirit:enumeration>
      <spirit:enumeration spirit:text="false">0</spirit:enumeration>
    </spirit:choice>
  </spirit:choices>
  <spirit:fileSets>
    <spirit:fileSet>
      <spirit:name>xilinx_vhdlsynthesis_view_fileset</spirit:name>
      <spirit:file>
        <spirit:name>hdl/calculator_ip_v1_0_S00_AXI.vhd</spirit:name>
        <spirit:fileType>vhdlSource</spirit:fileType>
      </spirit:file>
      <spirit:file>
        <spirit:name>src/zync_calculator.vhd</spirit:name>
        <spirit:fileType>vhdlSource</spirit:fileType>
      </spirit:file>
      <spirit:file>
        <spirit:name>hdl/calculator_ip_v1_0.vhd</spirit:name>
        <spirit:fileType>vhdlSource</spirit:fileType>
        <spirit:userFileType>CHECKSUM_1d9aa686</spirit:userFileType>
      </spirit:file>
    </spirit:fileSet>
    <spirit:fileSet>
      <spirit:name>xilinx_vhdlbehavioralsimulation_view_fileset</spirit:name>
      <spirit:file>
        <spirit:name>hdl/calculator_ip_v1_0_S00_AXI.vhd</spirit:name>
        <spirit:fileType>vhdlSource</spirit:fileType>
      </spirit:file>
      <spirit:file>
        <spirit:name>src/zync_calculator.vhd</spirit:name>
        <spirit:fileType>vhdlSource</spirit:fileType>
      </spirit:file>
      <spirit:file>
        <spirit:name>hdl/calculator_ip_v1_0.vhd</spirit:name>
        <spirit:fileType>vhdlSource</spirit:fileType>
      </spirit:file>
    </spirit:fileSet>
    <spirit:fileSet>
      <spirit:name>xilinx_softwaredriver_view_fileset</spirit:name>
      <spirit:file>
        <spirit:name>drivers/calculator_ip_v1_0/data/calculator_ip.mdd</spirit:name>
        <spirit:userFileType>mdd</spirit:userFileType>
        <spirit:userFileType>driver_mdd</spirit:userFileType>
      </spirit:file>
      <spirit:file>
        <spirit:name>drivers/calculator_ip_v1_0/data/calculator_ip.tcl</spirit:name>
        <spirit:fileType>tclSource</spirit:fileType>
        <spirit:userFileType>driver_tcl</spirit:userFileType>
      </spirit:file>
      <spirit:file>
        <spirit:name>drivers/calculator_ip_v1_0/src/Makefile</spirit:name>
        <spirit:userFileType>driver_src</spirit:userFileType>
      </spirit:file>
      <spirit:file>
        <spirit:name>drivers/calculator_ip_v1_0/src/calculator_ip.h</spirit:name>
        <spirit:fileType>cSource</spirit:fileType>
        <spirit:userFileType>driver_src</spirit:userFileType>
      </spirit:file>
      <spirit:file>
        <spirit:name>drivers/calculator_ip_v1_0/src/calculator_ip.c</spirit:name>
        <spirit:fileType>cSource</spirit:fileType>
        <spirit:userFileType>driver_src</spirit:userFileType>
      </spirit:file>
      <spirit:file>
        <spirit:name>drivers/calculator_ip_v1_0/src/calculator_ip_selftest.c</spirit:name>
        <spirit:fileType>cSource</spirit:fileType>
        <spirit:userFileType>driver_src</spirit:userFileType>
      </spirit:file>
    </spirit:fileSet>
    <spirit:fileSet>
      <spirit:name>xilinx_xpgui_view_fileset</spirit:name>
      <spirit:file>
        <spirit:name>xgui/calculator_ip_v1_0.tcl</spirit:name>
        <spirit:fileType>tclSource</spirit:fileType>
        <spirit:userFileType>CHECKSUM_080b65eb</spirit:userFileType>
        <spirit:userFileType>XGUI_VERSION_2</spirit:userFileType>
      </spirit:file>
    </spirit:fileSet>
    <spirit:fileSet>
      <spirit:name>bd_tcl_view_fileset</spirit:name>
      <spirit:file>
        <spirit:name>bd/bd.tcl</spirit:name>
        <spirit:fileType>tclSource</spirit:fileType>
      </spirit:file>
    </spirit:fileSet>
  </spirit:fileSets>
  <spirit:description>My new AXI IP</spirit:description>
  <spirit:parameters>
    <spirit:parameter>
      <spirit:name>C_S00_AXI_DATA_WIDTH</spirit:name>
      <spirit:displayName>C S00 AXI DATA WIDTH</spirit:displayName>
      <spirit:description>Width of S_AXI data bus</spirit:description>
      <spirit:value spirit:format="long" spirit:resolve="user" spirit:id="PARAM_VALUE.C_S00_AXI_DATA_WIDTH" spirit:choiceRef="choice_list_6fc15197" spirit:order="3">32</spirit:value>
      <spirit:vendorExtensions>
        <xilinx:parameterInfo>
          <xilinx:enablement>
            <xilinx:isEnabled xilinx:id="PARAM_ENABLEMENT.C_S00_AXI_DATA_WIDTH">false</xilinx:isEnabled>
          </xilinx:enablement>
        </xilinx:parameterInfo>
      </spirit:vendorExtensions>
    </spirit:parameter>
    <spirit:parameter>
      <spirit:name>C_S00_AXI_ADDR_WIDTH</spirit:name>
      <spirit:displayName>C S00 AXI ADDR WIDTH</spirit:displayName>
      <spirit:description>Width of S_AXI address bus</spirit:description>
      <spirit:value spirit:format="long" spirit:resolve="user" spirit:id="PARAM_VALUE.C_S00_AXI_ADDR_WIDTH" spirit:order="4" spirit:rangeType="long">4</spirit:value>
      <spirit:vendorExtensions>
        <xilinx:parameterInfo>
          <xilinx:enablement>
            <xilinx:isEnabled xilinx:id="PARAM_ENABLEMENT.C_S00_AXI_ADDR_WIDTH">false</xilinx:isEnabled>
          </xilinx:enablement>
        </xilinx:parameterInfo>
      </spirit:vendorExtensions>
    </spirit:parameter>
    <spirit:parameter>
      <spirit:name>C_S00_AXI_BASEADDR</spirit:name>
      <spirit:displayName>C S00 AXI BASEADDR</spirit:displayName>
      <spirit:value spirit:format="bitString" spirit:resolve="user" spirit:id="PARAM_VALUE.C_S00_AXI_BASEADDR" spirit:order="5" spirit:bitStringLength="32">0xFFFFFFFF</spirit:value>
      <spirit:vendorExtensions>
        <xilinx:parameterInfo>
          <xilinx:enablement>
            <xilinx:isEnabled xilinx:id="PARAM_ENABLEMENT.C_S00_AXI_BASEADDR">false</xilinx:isEnabled>
          </xilinx:enablement>
        </xilinx:parameterInfo>
      </spirit:vendorExtensions>
    </spirit:parameter>
    <spirit:parameter>
      <spirit:name>C_S00_AXI_HIGHADDR</spirit:name>
      <spirit:displayName>C S00 AXI HIGHADDR</spirit:displayName>
      <spirit:value spirit:format="bitString" spirit:resolve="user" spirit:id="PARAM_VALUE.C_S00_AXI_HIGHADDR" spirit:order="6" spirit:bitStringLength="32">0x00000000</spirit:value>
      <spirit:vendorExtensions>
        <xilinx:parameterInfo>
          <xilinx:enablement>
            <xilinx:isEnabled xilinx:id="PARAM_ENABLEMENT.C_S00_AXI_HIGHADDR">false</xilinx:isEnabled>
          </xilinx:enablement>
        </xilinx:parameterInfo>
      </spirit:vendorExtensions>
    </spirit:parameter>
    <spirit:parameter>
      <spirit:name>Component_Name</spirit:name>
      <spirit:value spirit:resolve="user" spirit:id="PARAM_VALUE.Component_Name" spirit:order="1">calculator_ip_v1_0</spirit:value>
    </spirit:parameter>
  </spirit:parameters>
  <spirit:vendorExtensions>
    <xilinx:coreExtensions>
      <xilinx:supportedFamilies>
        <xilinx:family xilinx:lifeCycle="Pre-Production">zynq</xilinx:family>
      </xilinx:supportedFamilies>
      <xilinx:taxonomies>
        <xilinx:taxonomy>AXI_Peripheral</xilinx:taxonomy>
      </xilinx:taxonomies>
      <xilinx:displayName>calculator_ip_v1.0</xilinx:displayName>
      <xilinx:coreRevision>11</xilinx:coreRevision>
      <xilinx:coreCreationDateTime>2022-05-10T14:51:38Z</xilinx:coreCreationDateTime>
      <xilinx:tags>
        <xilinx:tag xilinx:name="ui.data.coregen.df@2c23a66a_ARCHIVE_LOCATION">/home/zain/workdir/ZYNQ-Processor-Calculator/hardware/ip_repo/calculator_ip_1.0</xilinx:tag>
        <xilinx:tag xilinx:name="ui.data.coregen.df@37231f57_ARCHIVE_LOCATION">/home/zain/workdir/ZYNQ-Processor-Calculator/hardware/ip_repo/calculator_ip_1.0</xilinx:tag>
        <xilinx:tag xilinx:name="ui.data.coregen.df@2682db3f_ARCHIVE_LOCATION">/home/zain/workdir/ZYNQ-Processor-Calculator/hardware/ip_repo/calculator_ip_1.0</xilinx:tag>
        <xilinx:tag xilinx:name="ui.data.coregen.df@255b27fd_ARCHIVE_LOCATION">/home/zain/workdir/ZYNQ-Processor-Calculator/hardware/ip_repo/calculator_ip_1.0</xilinx:tag>
        <xilinx:tag xilinx:name="ui.data.coregen.df@23313984_ARCHIVE_LOCATION">/home/zain/workdir/ZYNQ-Processor-Calculator/hardware/ip_repo/calculator_ip_1.0</xilinx:tag>
        <xilinx:tag xilinx:name="ui.data.coregen.df@491e8cea_ARCHIVE_LOCATION">/home/zain/workdir/ZYNQ-Processor-Calculator/hardware/ip_repo/calculator_ip_1.0</xilinx:tag>
        <xilinx:tag xilinx:name="ui.data.coregen.df@7d0e42ef_ARCHIVE_LOCATION">/home/zain/workdir/ZYNQ-Processor-Calculator/hardware/ip_repo/calculator_ip_1.0</xilinx:tag>
        <xilinx:tag xilinx:name="ui.data.coregen.df@2922abf9_ARCHIVE_LOCATION">/home/zain/workdir/ZYNQ-Processor-Calculator/hardware/ip_repo/calculator_ip_1.0</xilinx:tag>
        <xilinx:tag xilinx:name="ui.data.coregen.df@5603c9ce_ARCHIVE_LOCATION">/home/zain/workdir/ZYNQ-Processor-Calculator/hardware/ip_repo/calculator_ip_1.0</xilinx:tag>
        <xilinx:tag xilinx:name="ui.data.coregen.df@6736a4fb_ARCHIVE_LOCATION">/home/zain/workdir/ZYNQ-Processor-Calculator/hardware/ip_repo/calculator_ip_1.0</xilinx:tag>
        <xilinx:tag xilinx:name="ui.data.coregen.df@4f33850f_ARCHIVE_LOCATION">/home/zain/workdir/ZYNQ-Processor-Calculator/hardware/ip_repo/calculator_ip_1.0</xilinx:tag>
        <xilinx:tag xilinx:name="ui.data.coregen.df@74518449_ARCHIVE_LOCATION">/home/zain/workdir/ZYNQ-Processor-Calculator/hardware/ip_repo/calculator_ip_1.0</xilinx:tag>
        <xilinx:tag xilinx:name="ui.data.coregen.df@6889b3a1_ARCHIVE_LOCATION">/home/zain/workdir/ZYNQ-Processor-Calculator/hardware/ip_repo/calculator_ip_1.0</xilinx:tag>
        <xilinx:tag xilinx:name="ui.data.coregen.df@37229574_ARCHIVE_LOCATION">/home/zain/workdir/ZYNQ-Processor-Calculator/hardware/ip_repo/calculator_ip_1.0</xilinx:tag>
        <xilinx:tag xilinx:name="ui.data.coregen.df@1df5bb5c_ARCHIVE_LOCATION">/home/zain/workdir/ZYNQ-Processor-Calculator/hardware/ip_repo/calculator_ip_1.0</xilinx:tag>
        <xilinx:tag xilinx:name="ui.data.coregen.df@2380c6c4_ARCHIVE_LOCATION">/home/zain/workdir/ZYNQ-Processor-Calculator/hardware/ip_repo/calculator_ip_1.0</xilinx:tag>
        <xilinx:tag xilinx:name="ui.data.coregen.df@58b6695a_ARCHIVE_LOCATION">/home/zain/workdir/ZYNQ-Processor-Calculator/hardware/ip_repo/calculator_ip_1.0</xilinx:tag>
        <xilinx:tag xilinx:name="ui.data.coregen.df@5c60ea0b_ARCHIVE_LOCATION">/home/zain/workdir/ZYNQ-Processor-Calculator/hardware/ip_repo/calculator_ip_1.0</xilinx:tag>
        <xilinx:tag xilinx:name="ui.data.coregen.df@5fe2ebfa_ARCHIVE_LOCATION">/home/zain/workdir/ZYNQ-Processor-Calculator/hardware/ip_repo/calculator_ip_1.0</xilinx:tag>
        <xilinx:tag xilinx:name="ui.data.coregen.df@2aa188f2_ARCHIVE_LOCATION">/home/zain/workdir/ZYNQ-Processor-Calculator/hardware/ip_repo/calculator_ip_1.0</xilinx:tag>
        <xilinx:tag xilinx:name="ui.data.coregen.df@7c6f4e7a_ARCHIVE_LOCATION">/home/zain/workdir/ZYNQ-Processor-Calculator/hardware/ip_repo/calculator_ip_1.0</xilinx:tag>
        <xilinx:tag xilinx:name="ui.data.coregen.df@68d70573_ARCHIVE_LOCATION">/home/zain/workdir/ZYNQ-Processor-Calculator/hardware/ip_repo/calculator_ip_1.0</xilinx:tag>
        <xilinx:tag xilinx:name="ui.data.coregen.df@56be66f2_ARCHIVE_LOCATION">/home/zain/workdir/ZYNQ-Processor-Calculator/hardware/ip_repo/calculator_ip_1.0</xilinx:tag>
        <xilinx:tag xilinx:name="ui.data.coregen.df@bc489b3_ARCHIVE_LOCATION">/home/zain/workdir/ZYNQ-Processor-Calculator/hardware/ip_repo/calculator_ip_1.0</xilinx:tag>
        <xilinx:tag xilinx:name="ui.data.coregen.df@30776dc_ARCHIVE_LOCATION">/home/zain/workdir/ZYNQ-Processor-Calculator/hardware/ip_repo/calculator_ip_1.0</xilinx:tag>
        <xilinx:tag xilinx:name="ui.data.coregen.df@19ac224d_ARCHIVE_LOCATION">/home/zain/workdir/ZYNQ-Processor-Calculator/hardware/ip_repo/calculator_ip_1.0</xilinx:tag>
        <xilinx:tag xilinx:name="ui.data.coregen.df@66349988_ARCHIVE_LOCATION">/home/zain/workdir/ZYNQ-Processor-Calculator/hardware/ip_repo/calculator_ip_1.0</xilinx:tag>
        <xilinx:tag xilinx:name="ui.data.coregen.df@47b5138d_ARCHIVE_LOCATION">/home/zain/workdir/ZYNQ-Processor-Calculator/hardware/ip_repo/calculator_ip_1.0</xilinx:tag>
        <xilinx:tag xilinx:name="ui.data.coregen.df@66283461_ARCHIVE_LOCATION">/home/zain/workdir/ZYNQ-Processor-Calculator/hardware/ip_repo/calculator_ip_1.0</xilinx:tag>
        <xilinx:tag xilinx:name="ui.data.coregen.df@3fc176f7_ARCHIVE_LOCATION">/home/zain/workdir/ZYNQ-Processor-Calculator/hardware/ip_repo/calculator_ip_1.0</xilinx:tag>
        <xilinx:tag xilinx:name="ui.data.coregen.df@1a257a9_ARCHIVE_LOCATION">/home/zain/workdir/ZYNQ-Processor-Calculator/hardware/ip_repo/calculator_ip_1.0</xilinx:tag>
        <xilinx:tag xilinx:name="ui.data.coregen.df@267ffafb_ARCHIVE_LOCATION">/home/zain/workdir/ZYNQ-Processor-Calculator/hardware/ip_repo/calculator_ip_1.0</xilinx:tag>
        <xilinx:tag xilinx:name="ui.data.coregen.df@57ba0767_ARCHIVE_LOCATION">/home/zain/workdir/ZYNQ-Processor-Calculator/hardware/ip_repo/calculator_ip_1.0</xilinx:tag>
        <xilinx:tag xilinx:name="ui.data.coregen.df@24cb162f_ARCHIVE_LOCATION">/home/zain/workdir/ZYNQ-Processor-Calculator/hardware/ip_repo/calculator_ip_1.0</xilinx:tag>
        <xilinx:tag xilinx:name="ui.data.coregen.df@519b5f9e_ARCHIVE_LOCATION">/home/zain/workdir/ZYNQ-Processor-Calculator/hardware/ip_repo/calculator_ip_1.0</xilinx:tag>
        <xilinx:tag xilinx:name="ui.data.coregen.df@52c4b52e_ARCHIVE_LOCATION">/home/zain/workdir/ZYNQ-Processor-Calculator/hardware/ip_repo/calculator_ip_1.0</xilinx:tag>
        <xilinx:tag xilinx:name="ui.data.coregen.df@37f9a9ec_ARCHIVE_LOCATION">/home/zain/workdir/ZYNQ-Processor-Calculator/hardware/ip_repo/calculator_ip_1.0</xilinx:tag>
        <xilinx:tag xilinx:name="ui.data.coregen.df@538fcfed_ARCHIVE_LOCATION">/home/zain/workdir/ZYNQ-Processor-Calculator/hardware/ip_repo/calculator_ip_1.0</xilinx:tag>
        <xilinx:tag xilinx:name="ui.data.coregen.df@27ab2c3e_ARCHIVE_LOCATION">/home/zain/workdir/ZYNQ-Processor-Calculator/hardware/ip_repo/calculator_ip_1.0</xilinx:tag>
        <xilinx:tag xilinx:name="ui.data.coregen.df@31f4dfde_ARCHIVE_LOCATION">/home/zain/workdir/ZYNQ-Processor-Calculator/hardware/ip_repo/calculator_ip_1.0</xilinx:tag>
        <xilinx:tag xilinx:name="ui.data.coregen.df@7b1752aa_ARCHIVE_LOCATION">/home/zain/workdir/ZYNQ-Processor-Calculator/hardware/ip_repo/calculator_ip_1.0</xilinx:tag>
        <xilinx:tag xilinx:name="ui.data.coregen.df@3b453fb5_ARCHIVE_LOCATION">/home/zain/workdir/ZYNQ-Processor-Calculator/hardware/ip_repo/calculator_ip_1.0</xilinx:tag>
        <xilinx:tag xilinx:name="ui.data.coregen.df@5aabe356_ARCHIVE_LOCATION">/home/zain/workdir/ZYNQ-Processor-Calculator/hardware/ip_repo/calculator_ip_1.0</xilinx:tag>
        <xilinx:tag xilinx:name="ui.data.coregen.df@632e0037_ARCHIVE_LOCATION">/home/zain/workdir/ZYNQ-Processor-Calculator/hardware/ip_repo/calculator_ip_1.0</xilinx:tag>
        <xilinx:tag xilinx:name="ui.data.coregen.df@3753b68b_ARCHIVE_LOCATION">/home/zain/workdir/ZYNQ-Processor-Calculator/hardware/ip_repo/calculator_ip_1.0</xilinx:tag>
        <xilinx:tag xilinx:name="ui.data.coregen.df@6527b7e_ARCHIVE_LOCATION">/home/zain/workdir/ZYNQ-Processor-Calculator/hardware/ip_repo/calculator_ip_1.0</xilinx:tag>
        <xilinx:tag xilinx:name="ui.data.coregen.df@577127f3_ARCHIVE_LOCATION">/home/zain/workdir/ZYNQ-Processor-Calculator/hardware/ip_repo/calculator_ip_1.0</xilinx:tag>
        <xilinx:tag xilinx:name="ui.data.coregen.df@74632907_ARCHIVE_LOCATION">/home/zain/workdir/ZYNQ-Processor-Calculator/hardware/ip_repo/calculator_ip_1.0</xilinx:tag>
        <xilinx:tag xilinx:name="ui.data.coregen.df@2aa875a3_ARCHIVE_LOCATION">/home/zain/workdir/ZYNQ-Processor-Calculator/hardware/ip_repo/calculator_ip_1.0</xilinx:tag>
        <xilinx:tag xilinx:name="ui.data.coregen.df@69c3cc11_ARCHIVE_LOCATION">/home/zain/workdir/ZYNQ-Processor-Calculator/hardware/ip_repo/calculator_ip_1.0</xilinx:tag>
        <xilinx:tag xilinx:name="ui.data.coregen.df@54743639_ARCHIVE_LOCATION">/home/zain/workdir/ZYNQ-Processor-Calculator/hardware/ip_repo/calculator_ip_1.0</xilinx:tag>
        <xilinx:tag xilinx:name="ui.data.coregen.df@7351a0f6_ARCHIVE_LOCATION">/home/zain/workdir/ZYNQ-Processor-Calculator/hardware/ip_repo/calculator_ip_1.0</xilinx:tag>
        <xilinx:tag xilinx:name="ui.data.coregen.df@5d712e9d_ARCHIVE_LOCATION">/home/zain/workdir/ZYNQ-Processor-Calculator/hardware/ip_repo/calculator_ip_1.0</xilinx:tag>
        <xilinx:tag xilinx:name="ui.data.coregen.df@7d65a215_ARCHIVE_LOCATION">/home/zain/workdir/ZYNQ-Processor-Calculator/hardware/ip_repo/calculator_ip_1.0</xilinx:tag>
        <xilinx:tag xilinx:name="ui.data.coregen.df@1b22437a_ARCHIVE_LOCATION">/home/zain/workdir/ZYNQ-Processor-Calculator/hardware/ip_repo/calculator_ip_1.0</xilinx:tag>
        <xilinx:tag xilinx:name="ui.data.coregen.df@fcc2679_ARCHIVE_LOCATION">/home/zain/workdir/ZYNQ-Processor-Calculator/hardware/ip_repo/calculator_ip_1.0</xilinx:tag>
        <xilinx:tag xilinx:name="ui.data.coregen.df@6ddcb7ec_ARCHIVE_LOCATION">/home/zain/workdir/ZYNQ-Processor-Calculator/hardware/ip_repo/calculator_ip_1.0</xilinx:tag>
        <xilinx:tag xilinx:name="ui.data.coregen.df@5da279bd_ARCHIVE_LOCATION">/home/zain/workdir/ZYNQ-Processor-Calculator/hardware/ip_repo/calculator_ip_1.0</xilinx:tag>
        <xilinx:tag xilinx:name="ui.data.coregen.df@475b7ed8_ARCHIVE_LOCATION">/home/zain/workdir/ZYNQ-Processor-Calculator/hardware/ip_repo/calculator_ip_1.0</xilinx:tag>
        <xilinx:tag xilinx:name="ui.data.coregen.df@49229186_ARCHIVE_LOCATION">/home/zain/workdir/ZYNQ-Processor-Calculator/hardware/ip_repo/calculator_ip_1.0</xilinx:tag>
        <xilinx:tag xilinx:name="ui.data.coregen.df@117de465_ARCHIVE_LOCATION">/home/zain/workdir/ZYNQ-Processor-Calculator/hardware/ip_repo/calculator_ip_1.0</xilinx:tag>
        <xilinx:tag xilinx:name="ui.data.coregen.df@38fe1ca3_ARCHIVE_LOCATION">/home/zain/workdir/ZYNQ-Processor-Calculator/hardware/ip_repo/calculator_ip_1.0</xilinx:tag>
        <xilinx:tag xilinx:name="ui.data.coregen.df@7da8247a_ARCHIVE_LOCATION">/home/zain/workdir/ZYNQ-Processor-Calculator/hardware/ip_repo/calculator_ip_1.0</xilinx:tag>
        <xilinx:tag xilinx:name="ui.data.coregen.df@431ce267_ARCHIVE_LOCATION">/home/zain/workdir/ZYNQ-Processor-Calculator/hardware/ip_repo/calculator_ip_1.0</xilinx:tag>
        <xilinx:tag xilinx:name="ui.data.coregen.df@4beb46ff_ARCHIVE_LOCATION">/home/zain/workdir/ZYNQ-Processor-Calculator/hardware/ip_repo/calculator_ip_1.0</xilinx:tag>
        <xilinx:tag xilinx:name="ui.data.coregen.df@439f9ee3_ARCHIVE_LOCATION">/home/zain/workdir/ZYNQ-Processor-Calculator/hardware/ip_repo/calculator_ip_1.0</xilinx:tag>
        <xilinx:tag xilinx:name="ui.data.coregen.df@73df2b8c_ARCHIVE_LOCATION">/home/zain/workdir/ZYNQ-Processor-Calculator/hardware/ip_repo/calculator_ip_1.0</xilinx:tag>
        <xilinx:tag xilinx:name="ui.data.coregen.df@3351acf7_ARCHIVE_LOCATION">/home/zain/workdir/ZYNQ-Processor-Calculator/hardware/ip_repo/calculator_ip_1.0</xilinx:tag>
        <xilinx:tag xilinx:name="ui.data.coregen.df@2873b773_ARCHIVE_LOCATION">/home/zain/workdir/ZYNQ-Processor-Calculator/hardware/ip_repo/calculator_ip_1.0</xilinx:tag>
        <xilinx:tag xilinx:name="ui.data.coregen.df@3516dadb_ARCHIVE_LOCATION">/home/zain/workdir/ZYNQ-Processor-Calculator/hardware/ip_repo/calculator_ip_1.0</xilinx:tag>
        <xilinx:tag xilinx:name="ui.data.coregen.df@3ebe41c0_ARCHIVE_LOCATION">/home/zain/workdir/ZYNQ-Processor-Calculator/hardware/ip_repo/calculator_ip_1.0</xilinx:tag>
        <xilinx:tag xilinx:name="ui.data.coregen.df@4352c30c_ARCHIVE_LOCATION">/home/zain/workdir/ZYNQ-Processor-Calculator/hardware/ip_repo/calculator_ip_1.0</xilinx:tag>
        <xilinx:tag xilinx:name="ui.data.coregen.df@38c3b48e_ARCHIVE_LOCATION">/home/zain/workdir/ZYNQ-Processor-Calculator/hardware/ip_repo/calculator_ip_1.0</xilinx:tag>
        <xilinx:tag xilinx:name="ui.data.coregen.df@18b3dcf4_ARCHIVE_LOCATION">/home/zain/workdir/ZYNQ-Processor-Calculator/hardware/ip_repo/calculator_ip_1.0</xilinx:tag>
        <xilinx:tag xilinx:name="ui.data.coregen.df@3387765b_ARCHIVE_LOCATION">/home/zain/workdir/ZYNQ-Processor-Calculator/hardware/ip_repo/calculator_ip_1.0</xilinx:tag>
        <xilinx:tag xilinx:name="ui.data.coregen.df@243344fe_ARCHIVE_LOCATION">/home/zain/workdir/ZYNQ-Processor-Calculator/hardware/ip_repo/calculator_ip_1.0</xilinx:tag>
        <xilinx:tag xilinx:name="ui.data.coregen.df@9f9b5bf_ARCHIVE_LOCATION">/home/zain/workdir/ZYNQ-Processor-Calculator/hardware/ip_repo/calculator_ip_1.0</xilinx:tag>
        <xilinx:tag xilinx:name="ui.data.coregen.df@35b0a29d_ARCHIVE_LOCATION">/home/zain/workdir/ZYNQ-Processor-Calculator/hardware/ip_repo/calculator_ip_1.0</xilinx:tag>
        <xilinx:tag xilinx:name="ui.data.coregen.df@1afbab12_ARCHIVE_LOCATION">/home/zain/workdir/ZYNQ-Processor-Calculator/hardware/ip_repo/calculator_ip_1.0</xilinx:tag>
        <xilinx:tag xilinx:name="ui.data.coregen.df@28e89080_ARCHIVE_LOCATION">/home/zain/workdir/ZYNQ-Processor-Calculator/hardware/ip_repo/calculator_ip_1.0</xilinx:tag>
        <xilinx:tag xilinx:name="ui.data.coregen.df@1120e450_ARCHIVE_LOCATION">/home/zain/workdir/ZYNQ-Processor-Calculator/hardware/ip_repo/calculator_ip_1.0</xilinx:tag>
        <xilinx:tag xilinx:name="ui.data.coregen.df@61992642_ARCHIVE_LOCATION">/home/zain/workdir/ZYNQ-Processor-Calculator/hardware/ip_repo/calculator_ip_1.0</xilinx:tag>
        <xilinx:tag xilinx:name="ui.data.coregen.df@6f548143_ARCHIVE_LOCATION">/home/zain/workdir/ZYNQ-Processor-Calculator/hardware/ip_repo/calculator_ip_1.0</xilinx:tag>
        <xilinx:tag xilinx:name="ui.data.coregen.df@2cc147c2_ARCHIVE_LOCATION">/home/zain/workdir/ZYNQ-Processor-Calculator/hardware/ip_repo/calculator_ip_1.0</xilinx:tag>
        <xilinx:tag xilinx:name="ui.data.coregen.df@2fcc359f_ARCHIVE_LOCATION">/home/zain/workdir/ZYNQ-Processor-Calculator/hardware/ip_repo/calculator_ip_1.0</xilinx:tag>
        <xilinx:tag xilinx:name="ui.data.coregen.df@5bd4fef9_ARCHIVE_LOCATION">/home/zain/workdir/ZYNQ-Processor-Calculator/hardware/ip_repo/calculator_ip_1.0</xilinx:tag>
        <xilinx:tag xilinx:name="ui.data.coregen.df@2f5d4dc5_ARCHIVE_LOCATION">/home/zain/workdir/ZYNQ-Processor-Calculator/hardware/ip_repo/calculator_ip_1.0</xilinx:tag>
        <xilinx:tag xilinx:name="ui.data.coregen.df@63ee40a_ARCHIVE_LOCATION">/home/zain/workdir/ZYNQ-Processor-Calculator/hardware/ip_repo/calculator_ip_1.0</xilinx:tag>
        <xilinx:tag xilinx:name="ui.data.coregen.df@334d2550_ARCHIVE_LOCATION">/home/zain/workdir/ZYNQ-Processor-Calculator/hardware/ip_repo/calculator_ip_1.0</xilinx:tag>
        <xilinx:tag xilinx:name="ui.data.coregen.df@6a758098_ARCHIVE_LOCATION">/home/zain/workdir/ZYNQ-Processor-Calculator/hardware/ip_repo/calculator_ip_1.0</xilinx:tag>
        <xilinx:tag xilinx:name="ui.data.coregen.df@23dcd69c_ARCHIVE_LOCATION">/home/zain/workdir/ZYNQ-Processor-Calculator/hardware/ip_repo/calculator_ip_1.0</xilinx:tag>
        <xilinx:tag xilinx:name="ui.data.coregen.df@3686a000_ARCHIVE_LOCATION">/home/zain/workdir/ZYNQ-Processor-Calculator/hardware/ip_repo/calculator_ip_1.0</xilinx:tag>
        <xilinx:tag xilinx:name="ui.data.coregen.df@20a92b73_ARCHIVE_LOCATION">/home/zain/workdir/ZYNQ-Processor-Calculator/hardware/ip_repo/calculator_ip_1.0</xilinx:tag>
        <xilinx:tag xilinx:name="ui.data.coregen.df@661eeed5_ARCHIVE_LOCATION">/home/zain/workdir/ZYNQ-Processor-Calculator/hardware/ip_repo/calculator_ip_1.0</xilinx:tag>
        <xilinx:tag xilinx:name="ui.data.coregen.df@2e278976_ARCHIVE_LOCATION">/home/zain/workdir/ZYNQ-Processor-Calculator/hardware/ip_repo/calculator_ip_1.0</xilinx:tag>
        <xilinx:tag xilinx:name="ui.data.coregen.df@31e65cb8_ARCHIVE_LOCATION">/home/zain/workdir/ZYNQ-Processor-Calculator/hardware/ip_repo/calculator_ip_1.0</xilinx:tag>
        <xilinx:tag xilinx:name="ui.data.coregen.df@2aa5ff9a_ARCHIVE_LOCATION">/home/zain/workdir/ZYNQ-Processor-Calculator/hardware/ip_repo/calculator_ip_1.0</xilinx:tag>
        <xilinx:tag xilinx:name="ui.data.coregen.df@38a0be60_ARCHIVE_LOCATION">/home/zain/workdir/ZYNQ-Processor-Calculator/hardware/ip_repo/calculator_ip_1.0</xilinx:tag>
        <xilinx:tag xilinx:name="ui.data.coregen.df@632ff534_ARCHIVE_LOCATION">/home/zain/workdir/ZYNQ-Processor-Calculator/hardware/ip_repo/calculator_ip_1.0</xilinx:tag>
        <xilinx:tag xilinx:name="ui.data.coregen.df@33c405b6_ARCHIVE_LOCATION">/home/zain/workdir/ZYNQ-Processor-Calculator/hardware/ip_repo/calculator_ip_1.0</xilinx:tag>
        <xilinx:tag xilinx:name="ui.data.coregen.df@3c166c6_ARCHIVE_LOCATION">/home/zain/workdir/ZYNQ-Processor-Calculator/hardware/ip_repo/calculator_ip_1.0</xilinx:tag>
        <xilinx:tag xilinx:name="ui.data.coregen.df@5c0571ab_ARCHIVE_LOCATION">/home/zain/workdir/ZYNQ-Processor-Calculator/hardware/ip_repo/calculator_ip_1.0</xilinx:tag>
        <xilinx:tag xilinx:name="ui.data.coregen.df@53a76eba_ARCHIVE_LOCATION">/home/zain/workdir/ZYNQ-Processor-Calculator/hardware/ip_repo/calculator_ip_1.0</xilinx:tag>
        <xilinx:tag xilinx:name="ui.data.coregen.df@7903a7ee_ARCHIVE_LOCATION">/home/zain/workdir/ZYNQ-Processor-Calculator/hardware/ip_repo/calculator_ip_1.0</xilinx:tag>
        <xilinx:tag xilinx:name="ui.data.coregen.df@1733442_ARCHIVE_LOCATION">/home/zain/workdir/ZYNQ-Processor-Calculator/hardware/ip_repo/calculator_ip_1.0</xilinx:tag>
        <xilinx:tag xilinx:name="ui.data.coregen.df@50906eb8_ARCHIVE_LOCATION">/home/zain/workdir/ZYNQ-Processor-Calculator/hardware/ip_repo/calculator_ip_1.0</xilinx:tag>
        <xilinx:tag xilinx:name="ui.data.coregen.df@7c09876a_ARCHIVE_LOCATION">/home/zain/workdir/ZYNQ-Processor-Calculator/hardware/ip_repo/calculator_ip_1.0</xilinx:tag>
        <xilinx:tag xilinx:name="ui.data.coregen.df@22f1febf_ARCHIVE_LOCATION">/home/zain/workdir/ZYNQ-Processor-Calculator/hardware/ip_repo/calculator_ip_1.0</xilinx:tag>
        <xilinx:tag xilinx:name="ui.data.coregen.df@195497ec_ARCHIVE_LOCATION">/home/zain/workdir/ZYNQ-Processor-Calculator/hardware/ip_repo/calculator_ip_1.0</xilinx:tag>
        <xilinx:tag xilinx:name="ui.data.coregen.df@59b13454_ARCHIVE_LOCATION">/home/zain/workdir/ZYNQ-Processor-Calculator/hardware/ip_repo/calculator_ip_1.0</xilinx:tag>
        <xilinx:tag xilinx:name="ui.data.coregen.df@17bb789d_ARCHIVE_LOCATION">/home/zain/workdir/ZYNQ-Processor-Calculator/hardware/ip_repo/calculator_ip_1.0</xilinx:tag>
        <xilinx:tag xilinx:name="ui.data.coregen.df@562b1125_ARCHIVE_LOCATION">/home/zain/workdir/ZYNQ-Processor-Calculator/hardware/ip_repo/calculator_ip_1.0</xilinx:tag>
        <xilinx:tag xilinx:name="ui.data.coregen.df@61a56d33_ARCHIVE_LOCATION">/home/zain/workdir/ZYNQ-Processor-Calculator/hardware/ip_repo/calculator_ip_1.0</xilinx:tag>
        <xilinx:tag xilinx:name="ui.data.coregen.df@3adb3dd8_ARCHIVE_LOCATION">/home/zain/workdir/ZYNQ-Processor-Calculator/hardware/ip_repo/calculator_ip_1.0</xilinx:tag>
        <xilinx:tag xilinx:name="ui.data.coregen.df@7f4654dd_ARCHIVE_LOCATION">/home/zain/workdir/ZYNQ-Processor-Calculator/hardware/ip_repo/calculator_ip_1.0</xilinx:tag>
        <xilinx:tag xilinx:name="ui.data.coregen.df@1d11ec54_ARCHIVE_LOCATION">/home/zain/workdir/ZYNQ-Processor-Calculator/hardware/ip_repo/calculator_ip_1.0</xilinx:tag>
        <xilinx:tag xilinx:name="ui.data.coregen.df@1e042c69_ARCHIVE_LOCATION">/home/zain/workdir/ZYNQ-Processor-Calculator/hardware/ip_repo/calculator_ip_1.0</xilinx:tag>
        <xilinx:tag xilinx:name="ui.data.coregen.df@6d483d9e_ARCHIVE_LOCATION">/home/zain/workdir/ZYNQ-Processor-Calculator/hardware/ip_repo/calculator_ip_1.0</xilinx:tag>
        <xilinx:tag xilinx:name="ui.data.coregen.df@166dc2ae_ARCHIVE_LOCATION">/home/zain/workdir/ZYNQ-Processor-Calculator/hardware/ip_repo/calculator_ip_1.0</xilinx:tag>
        <xilinx:tag xilinx:name="ui.data.coregen.df@5907e2ba_ARCHIVE_LOCATION">/home/zain/workdir/ZYNQ-Processor-Calculator/hardware/ip_repo/calculator_ip_1.0</xilinx:tag>
        <xilinx:tag xilinx:name="ui.data.coregen.df@2a729a55_ARCHIVE_LOCATION">/home/zain/workdir/ZYNQ-Processor-Calculator/hardware/ip_repo/calculator_ip_1.0</xilinx:tag>
        <xilinx:tag xilinx:name="ui.data.coregen.df@57f78466_ARCHIVE_LOCATION">/home/zain/workdir/ZYNQ-Processor-Calculator/hardware/ip_repo/calculator_ip_1.0</xilinx:tag>
        <xilinx:tag xilinx:name="ui.data.coregen.df@3dc5db13_ARCHIVE_LOCATION">/home/zain/workdir/ZYNQ-Processor-Calculator/hardware/ip_repo/calculator_ip_1.0</xilinx:tag>
        <xilinx:tag xilinx:name="ui.data.coregen.df@7ec155d3_ARCHIVE_LOCATION">/home/zain/workdir/ZYNQ-Processor-Calculator/hardware/ip_repo/calculator_ip_1.0</xilinx:tag>
        <xilinx:tag xilinx:name="ui.data.coregen.df@191510b2_ARCHIVE_LOCATION">/home/zain/workdir/ZYNQ-Processor-Calculator/hardware/ip_repo/calculator_ip_1.0</xilinx:tag>
        <xilinx:tag xilinx:name="ui.data.coregen.df@5ff6f158_ARCHIVE_LOCATION">/home/zain/workdir/ZYNQ-Processor-Calculator/hardware/ip_repo/calculator_ip_1.0</xilinx:tag>
        <xilinx:tag xilinx:name="ui.data.coregen.df@79557c53_ARCHIVE_LOCATION">/home/zain/workdir/ZYNQ-Processor-Calculator/hardware/ip_repo/calculator_ip_1.0</xilinx:tag>
        <xilinx:tag xilinx:name="ui.data.coregen.df@34606f5d_ARCHIVE_LOCATION">/home/zain/workdir/ZYNQ-Processor-Calculator/hardware/ip_repo/calculator_ip_1.0</xilinx:tag>
        <xilinx:tag xilinx:name="ui.data.coregen.df@1f58fc14_ARCHIVE_LOCATION">/home/zain/workdir/ZYNQ-Processor-Calculator/hardware/ip_repo/calculator_ip_1.0</xilinx:tag>
        <xilinx:tag xilinx:name="ui.data.coregen.df@79f5cbe8_ARCHIVE_LOCATION">/home/zain/workdir/ZYNQ-Processor-Calculator/hardware/ip_repo/calculator_ip_1.0</xilinx:tag>
      </xilinx:tags>
    </xilinx:coreExtensions>
    <xilinx:packagingInfo>
      <xilinx:xilinxVersion>2021.2</xilinx:xilinxVersion>
      <xilinx:checksum xilinx:scope="busInterfaces" xilinx:value="b1c5cd83"/>
      <xilinx:checksum xilinx:scope="memoryMaps" xilinx:value="ed1368d5"/>
      <xilinx:checksum xilinx:scope="fileGroups" xilinx:value="492c5080"/>
      <xilinx:checksum xilinx:scope="ports" xilinx:value="da2aade7"/>
      <xilinx:checksum xilinx:scope="hdlParameters" xilinx:value="6992ea72"/>
      <xilinx:checksum xilinx:scope="parameters" xilinx:value="aad2f809"/>
    </xilinx:packagingInfo>
  </spirit:vendorExtensions>
</spirit:component>
